<?xml version="1.0" encoding="UTF-8"?>
<project-private xmlns="http://www.netbeans.org/ns/project-private/1">
    <editor-bookmarks xmlns="http://www.netbeans.org/ns/editor-bookmarks/2" lastBookmarkId="0"/>
    <open-files xmlns="http://www.netbeans.org/ns/projectui-open-files/2">
        <group name="Group 20210331-06:00:25">
            <file>file:/C:/Users/Nkateko/Documents/NetBeansProjects/WEDE5010_Task2_22351707_Nkateko%20Chauke/public_html/services.html</file>
            <file>file:/C:/Users/Nkateko/Documents/NetBeansProjects/WEDE5010_Task2_22351707_Nkateko%20Chauke/public_html/aboutus.html</file>
            <file>file:/C:/Users/Nkateko/Documents/NetBeansProjects/WEDE5010_Task2_22351707_Nkateko%20Chauke/public_html/contact%20us.html</file>
            <file>file:/C:/Users/Nkateko/Documents/NetBeansProjects/WEDE5010_Task2_22351707_Nkateko%20Chauke/public_html/CSS/Style.css</file>
            <file>file:/C:/Users/Nkateko/Documents/NetBeansProjects/WEDE5010_Task2_22351707_Nkateko%20Chauke/public_html/Get%20involved.html</file>
            <file>file:/C:/Users/Nkateko/Documents/NetBeansProjects/WEDE5010_Task2_22351707_Nkateko%20Chauke/public_html/JS/JSPT.js</file>
            <file>file:/C:/Users/Nkateko/Documents/NetBeansProjects/WEDE5010_Task2_22351707_Nkateko%20Chauke/public_html/index.html</file>
            <file>file:/C:/Users/Nkateko/Documents/NetBeansProjects/WEDE5010_Task2_22351707_Nkateko%20Chauke/public_html/photo%20gallery.html</file>
        </group>
    </open-files>
</project-private>
